<?xml version="1.0" encoding="utf-8"?>
<!--- 
  size - размер данных микросхемы памяти в байтах(DEC)
  page - размер страницы микросхемы памяти в байтах(DEC). Для SST AAI Word programm - SSTW. Для SST AAI Byte programm - SSTB. 
  id - индефикатор микросхемы памяти(HEX). Поддерживаются опкоды 9F, 90, AB
  spicmd - команды для серий микросхем памяти 25, 45, 95
  <locale lang="ru"/> -  выбор файла локализации . 
 -->
<chiplist>
  <SPI>
    <KB90XX>
      <KB9012 id="0" page="128" size="131072" spicmd="KB"/>
    </KB90XX>
    <AdestoTechnologies>
      <AT45DB041D id="1F2400" page="264" size="540672" spicmd="45"/>
    </AdestoTechnologies>
    <Atmel>
      <AT25010 page="1" size="128" spicmd="95"/>
      <AT25HP256 page="128" size="32768" spicmd="95"/>
    </Atmel>
    <cFeon>
      <cFeon25Q32 id="1C3016" page="256" size="4194304"/>
    </cFeon>
    <ST>
	  <M25P05-A id="202010" page="256" size="65536"/>
      <M25P10 id="202011" page="256" size="131072"/>
      <M95080 page="32" size="1024" spicmd="95"/>
    </ST>
    <SST>
      <SST25VF512 id="BF48" page="1" size="65536"/>
      <SST25LF020A id="BF43" page="SSTB" size="262144"/>
      <SST25VF040B id="BF258D" page="SSTW" size="524288"/>
      <SST25VF080B id="BF258E" page="SSTW" size="1048576"/>
    </SST>
    <Spansion>
      <S25FL032 id="010215" page="256" size="4194304"/>
      <S25FL216K id="014015" page="256" size="2097152" spicmd="25"/>
      <S25FL016A id="010214" page="256" size="2097152" spicmd="25"/>
    </Spansion>
    <EON>
      <EN25F80 id="1C3114" page="256" size="1048576"/>
      <EN25F16 id="1C3115" page="256" size="2097152"/>
      <EN25T16 id="1C5115" page="256" size="2097152"/>
    </EON>
    <GigaDevice_ELM-Technology>
	  <GD25Q080 id="C84014" page="256" size="1048576"/>
      <GD25Q16 id="C84015" page="256" size="2097152"/>
	  <GD25Q32 id="C84016" page="256" size="4194304"/> 
	  <GD25Q64 id="C84017" page="256" size="8388608"/>
	  <GD25LQ128CVIG id="C86018" page="256" size="16777216"/>
    </GigaDevice_ELM-Technology>
    <MACRONIX>
	  <MX25L1005 id="C22011" page="256" size="131072"/>
      <MX25L4005 id="C22013" page="256" size="524288"/>
      <MX25L8005 id="C22014" page="256" size="1048576"/>
      <MX25L3206E id="C22016" page="256" size="4194304"/>
      <MX25L1606E id="C22015" page="256" size="2097152"/>
      <MX25L1636D id="C22415" page="256" size="2097152"/>
      <MX25L6406E id="C22017" page="256" size="8388608"/>
    </MACRONIX>
    <Microchip>
      <x25LC040 page="16" size="512" spicmd="95"/>
    </Microchip>
    <Nansi>
      <N25S80 id="D53014" page="256" size="1048576"/>
    </Nansi>
    <WINBOND>
      <W25Q16 id="EF4015" page="256" size="2097152"/>
      <W25Q32 id="EF4016" page="256" size="4194304"/>
      <W25Q64 id="EF4017" page="256" size="8388608"/>
      <W25Q128BV id="EF4018" page="256" size="16777216"/>
      <W25Q256FV id="EF4019" page="256" size="33554432"/>
      <W25D80 id="EF3014" page="256" size="1048576"/>
      <W25X32 id="EF3016" page="256" size="4194304"/>
      <W25X40 id="EF3013" page="256" size="524288"/>
    </WINBOND>
    <AMIC>
      <A25L080 id="373014" page="256" size="1048576"/>
    </AMIC>
    <PMC>
      <Pm25LV010 id="7F9D7C" page="256" size="131072"/>
      <Pm25LV020 id="7F9D22" page="256" size="262144"/>
      <Pm25W020 id="7F9D7D" page="256" size="262144"/>
    </PMC>
  </SPI>
  <I2C>
    <x24Lxxx>
	  <AT24C01 page="1" size="128" addrtype="0"/>
      <x24LC01 page="1" size="128" addrtype="1"/>
      <x24LC02 page="1" size="256" addrtype="1"/>
      <x24LC04 page="1" size="512" addrtype="2"/>
      <x24LC08 page="16" size="1024" addrtype="3"/>
      <x24LC16 page="16" size="2048" addrtype="4"/>
      <x24LC32 page="32" size="4096" addrtype="5"/>
      <x24LC64 page="32" size="8192" addrtype="5"/>
      <x24LC128 page="64" size="16384" addrtype="5"/>
      <x24LC256 page="64" size="32768" addrtype="5"/>
      <x24LC512 page="128" size="65536" addrtype="5"/>
      <x24LC1024 page="128" size="131072" addrtype="6"/>
    </x24Lxxx>
  </I2C>
  <Microwire>
    <Microchip>
      <M93C86 size="2048" addrbitlen="10"/>
      <M93C76 size="1024" addrbitlen="10"/>
      <M93C66 size="512" addrbitlen="8"/>
      <M93C56 size="256" addrbitlen="8"/>
      <M93C46 size="128" addrbitlen="6"/>
      <M93C06 size="16" addrbitlen="6"/>
    </Microchip>
  </Microwire>
  <locale lang="ru"/>
  <options verify="0" mw_speed="32Khz" spi_speed="1_5Mhz"/>
</chiplist>
